sample_id,video_time,timestamp,imei,name,type,eventType,eventId,eventDateTime,acc_x,acc_y,acc_z,gyro_x,gyro_y,gyro_z,gravitational,speed,heading,altitude,accuracy,dbm,gpsState,pulseSpeed,brake,blinker_r,blinker_l,latitude,longitude,recordDateTime,oldestDateTime,deviceStatus,rapidAccelerator,rapidDecelerator,leftSteer,rightSteer,fluctuation,frontCollision,leftLaneDeparture,rightLaneDeparture,outgoingDelay,speedOver,drowsinessDetection,distractionDetection,objectDetectionPhone,adaptiveCruiseControlClose,adaptiveCruiseControlNear,eventReserve1,eventReserve2,eventReserve3,eventReserve4,eventReserve5,eventReserve6,eventReserve7,eventReserve8,eventReserve9,nmeaLocalTime,nmeaLocalDate,nmeaLatitude,nmeaLatitudeSector,nmeaLongitude,nmeaLongitudeSector,nmeaLocationQuality,nmeaSatellites,nmeaAltitude,nmeaPositioningMode,nmeaSatelliteNumber,nmeaPdop,nmeaHdop,nmeaVdop,nmeaDirection,nmeaGpsSpeed,vehicleInformationBack,carReserve1,carReserve2,carReserve3,carReserve4,carReserve5,carReserve6,carReserve7,carReserve8,carReserve9,carReserve10,action_label,taxi_id
1,16.129,1725929029911,,,,,,,-0.4497668,0.020770637,0.9056153,-0.0017242432,-0.0038604736,-0.0010223389,0.4600327,0.0,0.0,47.04400634765625,3,-59,2,0.7064363956451416,1,0,0,33.56906809,130.41864713,,,,0,0,0,0,0,0,0,0,0,0,0,0,0,0,0,0,0,0,0,0,0,0,0,0,4351.0,100924,33.56906808333333,1,130.41864713333334,1,1,12,19.6,3,"[5, 6, 7, 9, 11, 13, 15, 19, 20, 29, 30, 70]",0.8,0.5,0.6,142.9,0.0,0,0,0,0,0,0,0,0,0,0,0,,taxi352176111057925
2,351253.357,1726280267139,,,,,,,-0.49642915,0.35913584,0.86603904,-0.26252747,0.010437012,0.59791565,0.6271889,8.0,123.0,42.83270263671875,3,-72,2,10.596545219421388,0,1,0,33.56202877,130.44374779,,,,0,0,0,0,0,0,0,0,0,0,0,0,0,0,0,0,0,0,0,0,0,0,0,0,21748.0,140924,33.56202876666667,1,130.44374778333335,1,1,12,15.3,3,"[5, 11, 13, 15, 18, 20, 29, 30, 67, 68, 69, 77]",0.8,0.5,0.6,123.1,8.1,0,0,0,0,0,0,0,0,0,0,0,,taxi352176111057925
3,351258.207,1726280271989,,,,,,,-0.41898456,0.8089027,0.6068296,0.039489746,0.4525299,-0.050308228,0.9921968,24.0,67.0,39.9764404296875,3,-74,2,24.018836975097656,0,0,0,33.56215157,130.44404446,,,,0,0,0,0,0,0,0,0,0,0,0,0,0,0,0,0,0,0,0,0,0,0,0,0,21753.0,140924,33.56215156666666,1,130.44404446666667,1,1,12,12.5,3,"[5, 11, 13, 15, 18, 20, 29, 30, 67, 68, 69, 77]",0.8,0.5,0.7,67.0,24.2,0,0,0,0,0,0,0,0,0,0,0,,taxi352176111057925
4,351907.337,1726280921119,,,,,,,-0.43608686,-0.12508003,0.8973102,0.25698853,0.013885498,-0.5346832,0.46514723,8.0,291.0,43.1732177734375,3,-61,2,10.596545219421388,0,0,0,33.57074469,130.45318324,,,,0,0,0,0,0,0,0,0,0,0,0,0,0,0,0,0,0,0,0,0,0,0,0,0,22842.0,140924,33.57074468333333,1,130.45318323333333,1,1,12,15.7,3,"[5, 11, 13, 15, 20, 29, 30, 67, 68, 69, 78, 82]",0.9,0.6,0.7,291.2,8.6,0,0,0,0,0,0,0,0,0,0,0,,taxi352176111057925
5,351911.917,1726280925699,,,,,,,-0.4903225,0.10065974,0.843073,-0.099349976,-0.07348633,-0.030273438,0.5245709,16.0,320.0,44.24169921875,3,-56,2,20.486656188964844,1,0,0,33.57091446,130.4530252,,,,0,0,0,0,0,0,0,0,0,0,0,0,0,0,0,0,0,0,0,0,0,0,0,0,22846.0,140924,33.570914466666665,1,130.45302519999998,1,1,12,16.8,3,"[5, 11, 13, 15, 20, 24, 29, 30, 67, 68, 69, 78]",0.9,0.5,0.7,320.6,17.0,0,0,0,0,0,0,0,0,0,0,0,,taxi352176111057925
6,351915.647,1726280929429,,,,,,,-0.35131183,-0.10040439,0.97280073,-0.08709717,-0.034591675,0.24456787,0.36638892,8.0,252.0,42.57183837890625,3,-56,2,11.067503929138184,1,1,0,33.57097741,130.45291711,,,,0,0,0,0,0,0,0,0,0,0,0,0,0,0,0,0,0,0,0,0,0,0,0,0,22850.0,140924,33.570977416666665,1,130.45291711666664,1,1,12,15.1,3,"[5, 11, 13, 15, 20, 24, 29, 30, 67, 68, 69, 77]",0.8,0.5,0.7,252.8,8.4,0,0,0,0,0,0,0,0,0,0,0,,taxi352176111057925
7,479289.464,1726408303246,352176111057925.0,EVT_352176111057925_20240915225144.gz,EVT,11.0,5c018e16-d035-4db3-abeb-5a01752ab59e,20240915225144.0,-0.5470011,0.021992898,0.86530566,-0.045791626,0.0015106201,0.07606506,0.5637699,4.0,259.0,47.6607666015625,3,-75,2,6.3579277992248535,0,0,0,33.57460383,130.37788135,20240915225144.0,20240909203433.0,,0,0,0,0,0,0,0,0,0,0,0,0,0,0,0,0,0,0,0,0,0,0,0,0,135144.0,150924,33.574603833333335,1,130.37788135,1,1,12,20.3,3,"[4, 7, 8, 9, 16, 21, 26, 27, 31, 75, 76, 77]",0.8,0.5,0.6,259.5,4.7,0,0,0,0,0,0,0,0,0,0,0,,taxi352176111057925
8,652666.505,1726581680287,,,,,,,-0.39284375,-0.026869481,0.92784804,-0.0029449463,-0.00030517578,0.008926392,0.4003175,0.0,41.0,47.4002685546875,3,-87,2,0.0,1,0,0,33.58278217,130.39454374,,,,0,0,0,0,0,0,0,0,0,0,0,0,0,0,0,0,0,0,0,0,0,0,0,0,140121.0,170924,33.58278216666667,1,130.39454373333334,1,1,12,20.0,3,"[4, 7, 8, 16, 21, 26, 27, 31, 78, 79, 80, 81]",0.8,0.5,0.6,41.4,0.9,0,0,0,0,0,0,0,0,0,0,0,,taxi352176111057925
9,652673.735,1726581687517,,,,,,,-0.50204843,-0.5083964,0.9310244,-0.04449463,0.07107544,-0.2920227,0.7178281,6.0,46.0,48.56390380859375,3,-82,2,7.770800113677979,0,0,0,33.58280509,130.394579,,,,0,0,0,0,0,0,0,0,0,0,0,0,0,0,0,0,0,0,0,0,0,0,0,0,140128.0,170924,33.58280508333333,1,130.39457900000002,1,1,12,21.2,3,"[4, 7, 8, 9, 16, 21, 26, 27, 31, 78, 79, 80]",0.8,0.5,0.6,46.3,6.4,0,0,0,0,0,0,0,0,0,0,0,,taxi352176111057925
10,729057.319,1726658071101,,,,,,,-0.43559796,-0.03175541,0.9158777,0.08381653,0.023513794,-0.20536804,0.44478145,7.0,286.0,45.8541259765625,3,-62,2,7.770800113677979,0,0,1,33.59417277,130.35990786,,,,0,0,0,0,0,0,0,0,0,0,0,0,0,0,0,0,0,0,0,0,0,0,0,0,111432.0,180924,33.59417276666667,1,130.35990786666667,1,1,12,18.5,3,"[3, 16, 18, 26, 27, 28, 29, 31, 32, 67, 68, 69]",0.8,0.5,0.6,286.7,7.3,0,0,0,0,0,0,0,0,0,0,0,,taxi352176111057925
11,729062.599,1726658076381,,,,,,,-0.4553861,0.21303916,0.9439725,-0.19316101,-0.04573059,0.27348328,0.5058668,17.0,302.0,47.78009033203125,3,-78,2,16.9544734954834,0,0,0,33.59428675,130.35976954,,,,0,0,0,0,0,0,0,0,0,0,0,0,0,0,0,0,0,0,0,0,0,0,0,0,111437.0,180924,33.594286749999995,1,130.35976953333332,1,1,12,20.4,3,"[3, 16, 18, 26, 27, 28, 29, 31, 32, 67, 68, 69]",0.8,0.5,0.6,302.7,17.2,0,0,0,0,0,0,0,0,0,0,0,,taxi352176111057925
12,803137.138,1726732150920,352176111057925.0,EVT_352176111057925_20240919164912.gz,EVT,11.0,29d1e2a0-a8ff-436b-ae55-54a4756bf3c6,20240919164912.0,-0.17345662,0.0024476342,1.0517105,-0.034835815,-0.057739258,0.05807495,0.18101703,30.0,90.0,48.58807373046875,3,-88,2,33.9089469909668,1,1,1,33.58180514,130.40178773,20240919164912.0,20240913220227.0,,0,0,0,0,0,0,0,0,0,0,0,0,0,0,0,0,0,0,0,0,0,0,0,0,74912.0,190924,33.58180513333333,1,130.40178773333332,1,1,12,21.2,3,"[10, 12, 23, 24, 25, 28, 29, 31, 32, 66, 67, 68]",0.7,0.5,0.6,90.9,30.7,0,0,0,0,0,0,0,0,0,0,0,,taxi352176111057925
13,1.2,1718588357264,,,,,,,-0.044982288,-0.036473177,0.9898221,-0.0020446777,-0.001953125,-0.00093078613,0.058798715,0.0,0.0,28.83099365234375,25,-94,2,0.0,0,0,0,33.5896024,130.404761,,,,0,0,0,0,0,0,0,0,0,0,0,0,0,0,0,0,0,0,0,0,0,0,0,0,13828.0,170624,33.589504716666674,1,130.40530461666668,1,0,0,0.0,3,"[0, 0, 0, 0, 0, 0, 0, 0, 0, 0, 0, 0]",1.6,1.2,1.0,319.6,0.0,0,0,0,0,0,0,0,0,0,0,0,,taxi352176111060960
14,1.21,1718588357274,,,,,,,-0.04107261,-0.020350242,0.9929984,-0.004699707,0.0023040771,-0.0014648438,0.046369325,0.0,0.0,28.83099365234375,25,-94,2,0.0,0,0,0,33.5896024,130.404761,,,,0,0,0,0,0,0,0,0,0,0,0,0,0,0,0,0,0,0,0,0,0,0,0,0,13828.0,170624,33.589504716666674,1,130.40530461666668,1,0,0,0.0,3,"[0, 0, 0, 0, 0, 0, 0, 0, 0, 0, 0, 0]",1.6,1.2,1.0,319.6,0.0,0,0,0,0,0,0,0,0,0,0,0,,taxi352176111060960
15,1.41,1718588357474,,,,,,,-0.05793046,-0.030122096,1.0081451,0.00062561035,-0.0040893555,0.0006713867,0.065799855,0.0,0.0,28.83099365234375,25,-94,2,0.0,0,0,0,33.5896024,130.404761,,,,0,0,0,0,0,0,0,0,0,0,0,0,0,0,0,0,0,0,0,0,0,0,0,0,13828.0,170624,33.589504716666674,1,130.40530461666668,1,0,0,0.0,3,"[0, 0, 0, 0, 0, 0, 0, 0, 0, 0, 0, 0]",1.6,1.2,1.0,319.6,0.0,0,0,0,0,0,0,0,0,0,0,0,,taxi352176111060960
16,2.02,1718588358084,,,,,,,-0.037653398,-0.026701324,0.9956858,0.0027618408,-0.0024871826,-0.0004119873,0.046361096,0.0,0.0,28.88824462890625,25,-94,2,0.0,0,1,1,33.58960391,130.40476016,,,,0,0,0,0,0,0,0,0,0,0,0,0,0,0,0,0,0,0,0,0,0,0,0,0,13828.0,170624,33.589504716666674,1,130.40530461666668,1,0,0,0.0,3,"[0, 0, 0, 0, 0, 0, 0, 0, 0, 0, 0, 0]",1.6,1.2,1.0,319.6,0.0,0,0,0,0,0,0,0,0,0,0,0,,taxi352176111060960
17,8.589,1718588364653,,,,,,,-0.061349675,-0.02425836,0.9976399,0.0016937256,-0.007827759,0.0001373291,0.06601379,0.0,0.0,28.2938232421875,23,-90,2,0.0,0,1,1,33.58960878,130.40475821,,,,0,0,0,0,0,0,0,0,0,0,0,0,0,0,0,0,0,0,0,0,0,0,0,0,13925.0,170624,33.589608783333325,1,130.40475821666666,1,1,8,0.9,3,"[72, 76, 77, 86, 87, 0, 0, 0, 0, 0, 0, 0]",1.5,1.2,1.0,319.6,0.0,0,0,0,0,0,0,0,0,0,0,0,,taxi352176111060960
18,9.53,1718588365594,,,,,,,-0.031300757,-0.032565057,0.99495244,0.0022277832,0.005493164,-0.00039672852,0.045449954,0.0,0.0,28.7716064453125,22,-90,2,0.0,0,0,0,33.58960878,130.4047581,,,,0,0,0,0,0,0,0,0,0,0,0,0,0,0,0,0,0,0,0,0,0,0,0,0,13926.0,170624,33.589608783333325,1,130.40475809999998,1,1,8,1.4,3,"[72, 76, 77, 86, 87, 0, 0, 0, 0, 0, 0, 0]",1.5,1.2,1.0,319.6,0.0,0,0,0,0,0,0,0,0,0,0,0,,taxi352176111060960
19,10.149,1718588366213,,,,,,,-0.04937931,-0.014242056,1.0115658,0.0076293945,-0.004272461,0.0017089844,0.052677523,0.0,0.0,28.92724609375,21,-90,2,0.0,0,0,0,33.58960881,130.40475832,,,,0,0,0,0,0,0,0,0,0,0,0,0,0,0,0,0,0,0,0,0,0,0,0,0,13927.0,170624,33.58960881666666,1,130.40475831666663,1,1,8,1.5,3,"[72, 76, 77, 86, 87, 0, 0, 0, 0, 0, 0, 0]",1.5,1.2,1.0,319.6,0.0,0,0,0,0,0,0,0,0,0,0,0,,taxi352176111060960
20,10.729,1718588366793,,,,,,,-0.06110678,-0.026456872,0.9995939,0.0022888184,0.0005187988,0.0011749268,0.06658956,0.0,0.0,28.92724609375,21,-90,2,0.0,0,1,1,33.58960881,130.40475832,,,,0,0,0,0,0,0,0,0,0,0,0,0,0,0,0,0,0,0,0,0,0,0,0,0,13927.0,170624,33.58960881666666,1,130.40475831666663,1,1,8,1.5,3,"[72, 76, 77, 86, 87, 0, 0, 0, 0, 0, 0, 0]",1.5,1.2,1.0,319.6,0.0,0,0,0,0,0,0,0,0,0,0,0,,taxi352176111060960
21,341717.806,1718930073870,352176111060960.0,EVT_352176111060960_20240621093434.gz,EVT,11.0,df3a53e5-487d-4ba7-ac94-0f7f602fade7,20240621093434.0,0.21813528,0.08176998,1.0694667,-0.009384155,0.018188477,0.25205994,0.24309455,22.0,214.0,33.10589599609375,3,-103,2,38.854000091552734,1,0,0,33.60252268,130.40398466,20240621093434.0,20240614194104.0,,0,0,0,0,0,0,0,0,0,0,0,0,0,0,0,0,0,0,0,0,0,0,0,0,3435.0,210624,33.60252268333334,1,130.40398466666664,1,1,12,5.7,3,"[2, 3, 6, 7, 14, 17, 19, 21, 22, 30, 66, 67]",0.9,0.5,0.7,214.8,22.9,0,0,0,0,0,0,0,0,0,0,0,,taxi352176111060960
22,1952100.732,1720540456796,,,,,,,-0.060128972,0.1032693,1.0484563,0.099624634,0.020477295,0.0042877197,0.12894982,47.0,350.0,42.34613037109375,3,-65,2,50.62794494628906,0,0,0,33.58525883,130.4118753,,,,0,0,0,0,0,0,0,0,0,0,0,0,0,0,0,0,0,0,0,0,0,0,0,0,155417.0,90724,33.585258833333334,1,130.41187530000002,1,1,12,14.9,3,"[4, 16, 26, 27, 28, 29, 31, 32, 69, 78, 79, 80]",0.9,0.6,0.7,350.5,47.9,0,0,0,0,0,0,0,0,0,0,0,,taxi352176111060960
23,1952101.322,1720540457386,,,,,,,-0.057197105,-0.118071884,0.9778517,0.06340027,-0.031723022,-0.046325684,0.13305272,47.0,350.0,42.34613037109375,3,-65,2,50.62794494628906,0,0,0,33.58525883,130.4118753,,,,0,0,0,0,0,0,0,0,0,0,0,0,0,0,0,0,0,0,0,0,0,0,0,0,155417.0,90724,33.585258833333334,1,130.41187530000002,1,1,12,14.9,3,"[4, 16, 26, 27, 28, 29, 31, 32, 69, 78, 79, 80]",0.9,0.6,0.7,350.5,47.9,0,0,0,0,0,0,0,0,0,0,0,,taxi352176111060960
24,2338776.215,1725810892246,,,,,,,-0.09441298,0.023034543,0.97207206,-0.05204773,0.052749634,-0.017150879,0.10111563,45.0,314.0,55.80596923828125,3,-78,2,44.740970611572266,0,0,0,33.54824477,130.43604862,,,,0,0,0,0,0,0,0,0,0,0,0,0,0,0,0,0,0,0,0,0,0,0,0,0,155453.0,80924,33.54824476666667,1,130.43604861666665,1,1,12,28.3,3,"[2, 7, 8, 9, 10, 16, 21, 26, 27, 30, 77, 78]",0.7,0.5,0.5,314.3,45.7,0,0,0,0,0,0,0,0,0,0,0,,taxi352176111061927
25,2402571.102,1725874687133,,,,,,,-0.21363394,-0.03462188,1.0101848,0.01550293,0.02330017,-0.024414062,0.21666072,0.0,0.0,40.54437255859375,3,-88,2,7.299842834472656,0,0,0,33.60188399,130.44434918,,,,1,0,0,0,0,0,0,0,0,0,0,0,0,0,0,0,0,0,0,0,0,0,0,0,93807.0,90924,33.601885066666675,1,130.44434875,1,0,0,0.0,3,"[0, 0, 0, 0, 0, 0, 0, 0, 0, 0, 0, 0]",0.0,0.0,0.0,62.5,0.0,0,0,0,0,0,0,0,0,0,0,0,,taxi352176111061927
26,2405093.632,1725877209663,,,,,,,0.03677991,-0.038041096,0.97769135,0.06549072,-0.12472534,0.016448975,0.05742441,33.0,67.0,38.07122802734375,3,-96,2,35.086341857910156,0,0,0,33.58303948,130.39534744,,,,0,0,0,0,0,0,0,0,0,0,0,0,0,0,0,0,0,0,0,0,0,0,0,0,102010.0,90924,33.58303948333334,1,130.39534743333334,1,1,12,10.7,3,"[3, 16, 25, 26, 28, 29, 31, 32, 66, 67, 76, 77]",0.9,0.6,0.7,67.2,33.0,0,0,0,0,0,0,0,0,0,0,0,,taxi352176111061927
27,2553297.773,1726025413804,352176111061927.0,EVT_352176111061927_20240911123014.gz,EVT,9.0,ad3f3765-10a1-4ce9-9ba7-f132201f3f6f,20240911123014.0,-0.27031255,-0.11182201,1.0600219,0.026931763,0.085113525,-0.042922974,0.29862294,5.0,95.0,45.87835693359375,3,-70,2,7.770801067352295,0,0,0,33.58915553,130.41676781,20240911123014.0,20240822191418.0,,0,0,0,0,0,0,0,0,0,0,0,0,0,0,0,0,0,0,0,0,0,0,0,0,33014.0,110924,33.58915553333333,1,130.41676781666666,1,1,12,18.4,3,"[5, 11, 13, 15, 18, 20, 23, 24, 29, 65, 66, 72]",0.8,0.5,0.6,95.6,5.1,0,0,0,0,0,0,0,0,0,0,0,,taxi352176111061927
28,2675317.049,1726147433080,,,,,,,0.23711069,0.015950106,1.382996,0.18914795,-0.5672302,-0.0047302246,0.45073467,24.0,166.0,70.070556640625,3,-94,2,26.138147354125977,0,0,0,33.6449466,130.46226766,,,,0,0,0,0,0,0,0,0,0,0,0,0,0,0,0,0,0,0,0,0,0,0,0,0,132353.0,120924,33.6449466,1,130.46226766666663,1,1,12,42.6,3,"[4, 8, 9, 16, 26, 27, 28, 31, 71, 72, 73, 74]",0.8,0.5,0.6,166.1,24.0,0,0,0,0,0,0,0,0,0,0,0,,taxi352176111061927
29,2675564.09,1726147680121,,,,,,,-0.178942,-0.07224414,0.96498764,-0.03878784,0.19960022,-0.08055115,0.19612578,35.0,248.0,53.6795654296875,3,-90,2,35.79277801513672,1,0,0,33.63926485,130.45353996,,,,0,0,0,0,0,0,0,0,0,0,0,0,0,0,0,0,0,0,0,0,0,0,0,0,132800.0,120924,33.63926485000001,1,130.45353996666668,1,1,12,26.2,3,"[4, 8, 9, 16, 18, 26, 27, 28, 31, 71, 72, 73]",0.8,0.5,0.6,248.9,35.4,0,0,0,0,0,0,0,0,0,0,0,,taxi352176111061927
30,2781217.941,1726253333972,,,,,,,-0.32796898,0.024012351,0.94886315,-0.0004272461,0.0030059814,-0.00016784668,0.33279908,0.0,232.0,39.4669189453125,3,-83,2,1.1773940324783323,1,0,0,33.59194784,130.41042738,,,,0,0,0,0,0,0,0,0,0,0,0,0,0,0,0,0,0,0,0,0,0,0,0,0,184854.0,130924,33.591947833333336,1,130.4104273833333,1,1,12,12.0,3,"[2, 3, 6, 8, 14, 17, 19, 21, 22, 30, 71, 76]",0.7,0.5,0.6,232.5,0.7,0,0,0,0,0,0,0,0,0,0,0,,taxi352176111061927
31,2781561.751,1726253677782,,,,,,,-0.23317765,0.03036499,0.9864869,-0.008514404,0.010482788,0.00047302246,0.2355344,63.0,232.0,41.467529296875,3,-75,2,65.22763061523438,0,0,0,33.59303774,130.41262292,,,,0,0,0,0,0,0,0,0,0,0,0,0,0,0,0,0,0,0,0,0,0,0,0,0,185438.0,130924,33.59303773333333,1,130.41262291666663,1,1,12,14.0,3,"[2, 3, 6, 8, 14, 17, 19, 21, 22, 30, 71, 76]",0.8,0.5,0.6,232.9,63.2,0,0,0,0,0,0,0,0,0,0,0,,taxi352176111061927
32,2955419.892,1726427535923,352176111061927.0,EVT_352176111061927_20240916041216.gz,EVT,11.0,22abc1ff-c7ba-4594-8486-021696096fa7,20240916041216.0,0.05265995,-0.12721315,1.19488,0.023971558,0.08383179,-0.1327362,0.23860942,22.0,165.0,38.6031494140625,3,-102,2,29.199373245239254,1,1,0,33.58198469,130.42094739,20240916041216.0,20240912031544.0,,0,0,0,0,0,0,0,0,0,0,0,0,0,0,0,0,0,0,0,0,0,0,0,0,191217.0,150924,33.58198468333334,1,130.42094738333333,1,1,12,11.2,3,"[3, 6, 14, 17, 19, 21, 22, 66, 79, 81, 13, 15]",1.0,0.6,0.7,165.5,22.9,0,0,0,0,0,0,0,0,0,0,0,,taxi352176111061927
33,3190090.67,1726662206701,,,,,,,-0.13057008,0.08166878,0.9703624,-0.0046539307,0.1184082,-0.0045318604,0.15683341,45.0,55.0,51.6290283203125,3,-84,2,48.27315139770508,1,0,0,33.59330381,130.41268987,,,,0,0,0,0,0,0,0,0,0,0,0,0,0,0,0,0,0,0,0,0,0,0,0,0,122327.0,180924,33.59330381666667,1,130.41268986666665,1,1,12,24.2,3,"[8, 16, 18, 26, 27, 28, 31, 68, 69, 78, 79, 81]",0.9,0.5,0.7,55.5,45.7,0,0,0,0,0,0,0,0,0,0,0,,taxi352176111061927
34,3190092.897,1726662208928,,,,,,,-0.00084234745,0.19356085,0.9434883,-0.08935547,-0.12182617,0.17176819,0.20164347,37.0,55.0,52.2991943359375,3,-85,2,43.092620849609375,1,1,1,33.5934179,130.41287814,,,,0,0,0,0,0,0,0,0,0,0,0,0,0,0,0,0,0,0,0,0,0,0,0,0,122329.0,180924,33.5934179,1,130.41287813333332,1,1,12,24.9,3,"[8, 16, 18, 26, 27, 28, 31, 69, 78, 79, 81, 82]",0.9,0.5,0.7,55.3,37.7,0,0,0,0,0,0,0,0,0,0,0,,taxi352176111061927
35,1.1,1726182875100,,,,,,,0.031,-0.083,0.995,0.0,0.0,0.0,0.08874119,6.482,235.7,12.5,-2147483648,0,2,19.0,1,0,0,33.583973033333336,130.41277198333333,,,,0,0,0,0,0,0,0,0,0,0,0,0,0,0,0,0,0,0,0,0,0,0,0,0,81435.0,130924,33.583973033333336,1,130.41277198333333,1,1,12,12.5,3,"[10, 12, 23, 24, 25, 28, 29, 31, 32]",0.8,0.6,0.6,235.7,6.482,0,0,0,0,0,0,0,0,0,0,0,,taxi352176111064020
36,3.45,1726182877450,,,,,,,-0.074,-0.089,0.994,0.0,0.0,0.0,0.11590082,0.0,-2147483648.0,11.3,-2147483648,0,2,4.0,0,0,0,33.58397958333333,130.41277116666666,,,,0,0,0,0,0,0,0,0,0,0,0,0,0,0,0,0,0,0,0,0,0,0,0,0,81437.0,130924,33.58397958333333,1,130.41277116666666,1,1,12,11.3,3,"[10, 12, 23, 24, 25, 28, 29, 31, 32]",0.9,0.6,0.6,1.4e-45,0.0,0,0,0,0,0,0,0,0,0,0,0,,taxi352176111064020
37,204372.28,1726387246280,,,,,,,-0.138,-0.091,0.983,0.0,0.0,0.0,0.1661746,0.0,-2147483648.0,25.8,-2147483648,0,2,0.0,0,0,0,33.5847808,130.43790046666666,,,,0,0,0,0,0,0,0,0,0,0,0,0,0,0,0,0,0,0,0,0,0,0,0,0,170046.0,150924,33.5847808,1,130.43790046666666,1,1,12,25.8,3,"[2, 3, 7, 8, 10, 17, 22, 27, 30]",0.9,0.6,0.7,1.4e-45,0.0,0,0,0,0,0,0,0,0,0,0,0,,taxi352176111064020
38,204373.16,1726387247160,,,,,,,-0.136,-0.078,0.995,0.0,0.0,0.0,0.15685982,0.0,-2147483648.0,25.9,-2147483648,0,2,0.0,0,0,0,33.584780583333334,130.43790056666666,,,,0,0,0,0,0,0,0,0,0,0,0,0,0,0,0,0,0,0,0,0,0,0,0,0,170047.0,150924,33.584780583333334,1,130.43790056666666,1,1,12,25.9,3,"[2, 3, 7, 8, 10, 17, 22, 27, 30]",0.9,0.6,0.7,1.4e-45,0.0,0,0,0,0,0,0,0,0,0,0,0,,taxi352176111064020
39,204374.36,1726387248360,,,,,,,-0.138,-0.084,0.978,0.0,0.0,0.0,0.163046,0.0,-2147483648.0,26.0,-2147483648,0,2,0.0,0,0,0,33.584780466666665,130.43790081666666,,,,0,0,0,0,0,0,0,0,0,0,0,0,0,0,0,0,0,0,0,0,0,0,0,0,170048.0,150924,33.584780466666665,1,130.43790081666666,1,1,12,26.0,3,"[2, 3, 7, 8, 10, 17, 22, 27, 30]",0.9,0.6,0.7,1.4e-45,0.0,0,0,0,0,0,0,0,0,0,0,0,,taxi352176111064020
40,204375.14,1726387249140,,,,,,,-0.137,-0.079,0.981,0.0,0.0,0.0,0.15928276,0.0,-2147483648.0,26.1,-2147483648,0,2,0.0,0,0,0,33.58478038333333,130.43790106666663,,,,0,0,0,0,0,0,0,0,0,0,0,0,0,0,0,0,0,0,0,0,0,0,0,0,170049.0,150924,33.58478038333333,1,130.43790106666663,1,1,12,26.1,3,"[2, 3, 7, 8, 10, 17, 22, 27, 30]",0.9,0.6,0.7,1.4e-45,0.0,0,0,0,0,0,0,0,0,0,0,0,,taxi352176111064020
41,204377.16,1726387251160,,,,,,,-0.125,-0.08,0.949,0.0,0.0,0.0,0.15692674,0.0,-2147483648.0,26.2,-2147483648,0,2,0.0,0,0,0,33.584780183333336,130.43790151666664,,,,0,0,0,0,0,0,0,0,0,0,0,0,0,0,0,0,0,0,0,0,0,0,0,0,170051.0,150924,33.584780183333336,1,130.43790151666664,1,1,12,26.2,3,"[2, 3, 7, 8, 10, 17, 22, 27, 30]",0.9,0.6,0.7,1.4e-45,0.0,0,0,0,0,0,0,0,0,0,0,0,,taxi352176111064020
42,204377.34,1726387251340,,,,,,,-0.134,-0.095,1.024,0.0,0.0,0.0,0.16600302,0.0,-2147483648.0,26.2,-2147483648,0,2,0.0,0,0,0,33.584780183333336,130.43790151666664,,,,0,0,0,0,0,0,0,0,0,0,0,0,0,0,0,0,0,0,0,0,0,0,0,0,170051.0,150924,33.584780183333336,1,130.43790151666664,1,1,12,26.2,3,"[2, 3, 7, 8, 10, 17, 22, 27, 30]",0.9,0.6,0.7,1.4e-45,0.0,0,0,0,0,0,0,0,0,0,0,0,,taxi352176111064020
43,204382.2,1726387256200,,,,,,,-0.138,-0.083,0.96,0.0,0.0,0.0,0.1659307,0.0,-2147483648.0,26.4,-2147483648,0,2,0.0,0,0,0,33.584779850000004,130.43790236666666,,,,0,0,0,0,0,0,0,0,0,0,0,0,0,0,0,0,0,0,0,0,0,0,0,0,170056.0,150924,33.584779850000004,1,130.43790236666666,1,1,12,26.4,3,"[2, 3, 7, 8, 14, 17, 22, 27, 30]",1.0,0.6,0.7,1.4e-45,0.0,0,0,0,0,0,0,0,0,0,0,0,,taxi352176111064020
44,204385.07,1726387259070,,,,,,,-0.14,-0.113,0.937,0.0,0.0,0.0,0.1906253,0.0,-2147483648.0,26.5,-2147483648,0,2,0.0,0,0,0,33.58477965,130.43790288333332,,,,0,0,0,0,0,0,0,0,0,0,0,0,0,0,0,0,0,0,0,0,0,0,0,0,170059.0,150924,33.58477965,1,130.43790288333332,1,1,12,26.5,3,"[2, 3, 7, 8, 14, 17, 22, 27, 30]",0.9,0.6,0.7,1.4e-45,0.0,0,0,0,0,0,0,0,0,0,0,0,,taxi352176111064020
45,204388.16,1726387262160,,,,,,,-0.148,-0.094,1.014,0.0,0.0,0.0,0.17588633,0.0,-2147483648.0,26.7,-2147483648,0,2,0.0,0,0,0,33.58477951666667,130.43790338333335,,,,0,0,0,0,0,0,0,0,0,0,0,0,0,0,0,0,0,0,0,0,0,0,0,0,170102.0,150924,33.58477951666667,1,130.43790338333335,1,1,12,26.7,3,"[2, 3, 7, 8, 14, 17, 22, 27, 30]",1.0,0.7,0.7,1.4e-45,0.0,0,0,0,0,0,0,0,0,0,0,0,,taxi352176111064020
46,4346173.634,1726018138847,,,,,,,-0.09154028,-0.009245581,0.98322654,0.037200928,0.013900757,0.00039672852,0.09352247,40.0,71.0,57.86474609375,3,-75,2,0.0,0,0,0,33.53953666,130.4398426,,,,0,0,0,0,0,0,0,0,0,0,0,0,0,0,0,0,0,0,0,0,0,0,0,0,12859.0,110924,33.53953666666666,1,130.43984260000002,1,1,12,30.4,3,"[5, 6, 7, 11, 13, 15, 20, 29, 30, 65, 71, 72]",0.8,0.5,0.6,71.7,40.7,0,0,0,0,0,0,0,0,0,0,0,,taxi352176111064285
47,4383052.137,1726055017350,,,,,,,-0.38055575,-0.022682657,0.9795613,0.04852295,-0.01361084,-0.10903931,0.38177863,8.0,263.0,45.8404541015625,3,-68,2,0.0,0,0,0,33.59010759,130.39492315,,,,0,0,0,0,0,0,0,0,0,0,0,0,0,0,0,0,0,0,0,0,0,0,0,0,114338.0,110924,33.59010758333333,1,130.39492314999998,1,1,12,18.4,3,"[3, 4, 16, 26, 28, 29, 31, 32, 79, 80, 81, 82]",0.9,0.6,0.7,263.9,8.5,0,0,0,0,0,0,0,0,0,0,0,,taxi352176111064285
48,4386904.052,1726058869265,,,,,,,-0.08714326,0.07381828,0.92483675,-0.025497437,-0.068481445,0.011489868,0.13672088,39.0,62.0,54.6142578125,3,-69,2,0.0,0,0,0,33.59395491,130.36387592,,,,0,0,0,0,0,0,0,0,0,0,0,0,0,0,0,0,0,0,0,0,0,0,0,0,124750.0,110924,33.59395491666667,1,130.36387591666667,1,1,12,27.3,3,"[4, 8, 9, 16, 18, 26, 27, 28, 31, 71, 73, 79]",0.8,0.5,0.6,62.6,39.8,0,0,0,0,0,0,0,0,0,0,0,,taxi352176111064285
49,4386907.743,1726058872956,,,,,,,0.113920875,-0.008267772,1.0166962,0.0320282,-0.014144897,-0.011962891,0.11543433,32.0,52.0,53.83905029296875,3,-74,2,0.0,1,0,0,33.59415131,130.36422102,,,,0,0,0,0,0,0,0,0,0,0,0,0,0,0,0,0,0,0,0,0,0,0,0,0,124754.0,110924,33.59415131666666,1,130.36422101666668,1,1,12,26.5,3,"[4, 8, 9, 16, 18, 26, 27, 28, 31, 71, 73, 79]",0.8,0.5,0.6,52.1,32.0,0,0,0,0,0,0,0,0,0,0,0,,taxi352176111064285
50,4643846.049,1726315811262,,,,,,,-0.2574251,-0.060549367,0.9392501,0.0231781,-0.023742676,0.00642395,0.27133828,43.0,44.0,53.6829833984375,3,-73,2,0.0,0,0,0,33.59146085,130.41916108,,,,0,0,0,0,0,0,0,0,0,0,0,0,0,0,0,0,0,0,0,0,0,0,0,0,121012.0,140924,33.59146085,1,130.41916108333334,1,1,12,26.3,3,"[4, 8, 9, 16, 18, 26, 27, 28, 29, 31, 65, 66]",0.8,0.5,0.6,44.3,43.7,0,0,0,0,0,0,0,0,0,0,0,,taxi352176111064285
51,4643858.272,1726315823485,,,,,,,-0.51248044,-0.086690165,0.9468234,-0.03062439,-0.05303955,-0.006362915,0.52247405,39.0,96.0,49.6705322265625,3,-82,2,0.0,0,0,0,33.5921102,130.42034667,,,,0,0,0,0,0,0,0,0,0,0,0,0,0,0,0,0,0,0,0,0,0,0,0,0,121024.0,140924,33.59211020000001,1,130.42034666666666,1,1,12,22.2,3,"[4, 8, 9, 16, 18, 26, 27, 28, 29, 31, 65, 72]",0.8,0.5,0.6,96.7,39.7,0,0,0,0,0,0,0,0,0,0,0,,taxi352176111064285
52,4645823.879,1726317789092,352176111064285.0,EVT_352176111064285_20240914214310.gz,EVT,10.0,cdb5d5a8-bf18-443c-b46e-e321eaec7548,20240914214310.0,-0.30775264,-0.053953834,0.8879463,-0.0062408447,-0.06690979,0.0065460205,0.33193183,17.0,242.0,43.00592041015625,3,-70,2,0.0,0,0,0,33.59122526,130.40858808,20240914214310.0,20240910105912.0,,0,0,0,0,0,0,0,0,0,0,0,0,0,0,0,0,0,0,0,0,0,0,0,0,124310.0,140924,33.59122526666666,1,130.4085880833333,1,1,12,15.6,3,"[4, 8, 9, 16, 18, 26, 27, 28, 31, 65, 66, 72]",0.8,0.5,0.6,242.8,17.5,0,0,0,0,0,0,0,0,0,0,0,,taxi352176111064285
53,4683447.115,1726355412328,352176111064285.0,EVT_352176111064285_20240915081013.gz,EVT,15.0,ed7bf0c6-f2b3-4056-8915-d7279a1b3b78,20240915081013.0,-0.37713498,-0.2193482,0.9624606,0.14108276,0.052642822,-0.4411316,0.43789685,10.0,154.0,38.40191650390625,3,-86,2,0.0,0,0,0,33.58737636,130.41223915,20240915081013.0,20240910230710.0,,0,0,0,0,0,0,0,0,0,0,0,0,0,0,0,0,0,0,0,0,0,0,0,0,231013.0,140924,33.58737636666667,1,130.41223914999998,1,1,12,11.0,3,"[5, 6, 9, 11, 12, 17, 19, 20, 67, 68, 81, 82]",1.0,0.6,0.8,154.9,10.8,0,0,0,0,0,0,0,0,0,0,0,,taxi352176111064285
54,4683722.855,1726355688068,,,,,,,-0.4966004,-0.54867333,1.0245141,0.11103821,-0.015396118,-0.39549255,0.7404427,22.0,115.0,43.97906494140625,3,-90,2,0.0,0,0,0,33.58080632,130.42289345,,,,0,0,0,0,0,0,0,0,0,0,0,0,0,0,0,0,0,0,0,0,0,0,0,0,231449.0,140924,33.580806316666674,1,130.42289345,1,1,12,16.5,3,"[4, 5, 6, 7, 9, 11, 12, 13, 17, 19, 20, 30]",0.8,0.5,0.6,115.9,22.5,0,0,0,0,0,0,0,0,0,0,0,,taxi352176111064285
55,4698897.559,1726370862772,,,,,,,-0.41671285,-0.05713015,0.92776865,-0.0030517578,-0.007232666,0.004425049,0.4267679,7.0,305.0,43.627685546875,4,-83,2,0.0,0,0,0,33.59124486,130.41054151,,,,0,0,0,0,0,0,0,0,0,0,0,0,0,0,0,0,0,0,0,0,0,0,0,0,32744.0,150924,33.59124486666666,1,130.41054151666663,1,1,12,16.2,3,"[5, 13, 15, 18, 20, 23, 24, 29, 69, 79, 80, 85]",1.0,0.7,0.8,305.8,7.5,0,0,0,0,0,0,0,0,0,0,0,,taxi352176111064285
56,5038003.045,1726709968258,,,,,,,-0.055138726,0.3188573,1.0191392,-0.079315186,0.07064819,0.34111023,0.32415515,28.0,67.0,51.2479248046875,3,-76,2,0.0,1,0,0,33.57583056,130.41161783,,,,0,0,0,0,0,0,0,0,0,0,0,0,0,0,0,0,0,0,0,0,0,0,0,0,13929.0,190924,33.57583056666667,1,130.4116178333333,1,1,12,23.8,3,"[5, 7, 11, 13, 15, 18, 20, 29, 30, 72, 1, 7]",1.0,0.7,0.7,67.8,28.3,0,0,0,0,0,0,0,0,0,0,0,,taxi352176111064285
57,38109.446,1725847896310,352176111064442.0,EVT_352176111064442_20240909111137.gz,EVT,9.0,03f589ff-499b-4f3b-99f0-2ea8d801e2b0,20240909111137.0,-0.28733855,-0.113961354,0.9708031,-0.005355835,-0.0010070801,-0.16304016,0.3104885,1.0,56.0,40.2109375,3,-74,2,3.532181978225708,0,0,0,33.58816591,130.36636561,20240909111137.0,20240903135919.0,,0,0,0,0,0,0,0,0,0,0,0,0,0,0,0,0,0,0,0,0,0,0,0,0,21136.0,90924,33.588165916666675,1,130.36636561666668,1,1,12,12.9,3,"[5, 6, 7, 11, 13, 15, 18, 20, 29, 30, 70, 71]",0.9,0.6,0.6,56.0,1.9,0,0,0,0,0,0,0,0,0,0,0,,taxi352176111064442
58,52613.434,1725862400298,,,,,,,-0.22772808,-0.113961354,0.9749572,-0.021087646,0.015548706,-0.012634277,0.25587967,2.0,351.0,46.99072265625,3,-80,2,2.5902669429779053,1,0,0,33.56958326,130.41864966,,,,0,0,0,0,0,0,0,0,0,0,0,0,0,0,0,0,0,0,0,0,0,0,0,0,61321.0,90924,33.56958326666667,1,130.41864966666665,1,1,12,19.5,3,"[10, 12, 15, 18, 23, 24, 25, 32, 65, 71, 72, 73]",0.8,0.5,0.6,351.7,2.3,1,0,0,0,0,0,0,0,0,0,0,,taxi352176111064442
59,160001.46,1725969788324,,,,,,,-0.1683605,-0.1044324,0.9859513,0.0019683838,-0.007293701,-0.0029296875,0.19861709,3.0,271.0,43.908935546875,4,-74,2,0.7064363956451416,0,0,0,33.59036901,130.37327309,,,,0,0,0,0,0,0,0,0,0,0,0,0,0,0,0,0,0,0,0,0,0,0,0,0,120310.0,100924,33.59036901666667,1,130.37327308333332,1,1,12,16.5,3,"[3, 4, 16, 18, 26, 27, 28, 29, 31, 32, 68, 69]",0.8,0.5,0.6,271.9,3.8,0,0,0,0,0,0,0,0,0,0,0,,taxi352176111064442
60,168915.564,1725978702428,352176111064442.0,EVT_352176111064442_20240910233143.gz,EVT,13.0,649169b4-3563-435d-b51a-02d05b2bc7e0,20240910233143.0,-0.097513005,-0.014528547,0.9500371,-0.119506836,-0.24038696,0.22932434,0.11052671,13.0,262.0,52.650390625,3,-84,2,14.835164070129396,0,0,0,33.5923918,130.35330022,20240910233143.0,20240905035926.0,,0,0,0,0,0,0,0,0,0,0,0,0,0,0,0,0,0,0,0,0,0,0,0,0,143143.0,100924,33.5923918,1,130.35330021666667,1,1,12,25.3,3,"[2, 4, 7, 8, 9, 16, 18, 26, 27, 71, 79, 80]",0.8,0.5,0.6,262.6,13.1,0,0,0,0,0,0,0,0,0,0,0,,taxi352176111064442
61,464311.941,1726274098805,,,,,,,-0.24360812,-0.006955205,1.0160003,0.0181427,-0.034576416,0.0035705566,0.24423206,25.0,325.0,34.4967041015625,3,-85,2,28.963895797729492,0,0,0,33.60994324,130.42167701,,,,0,0,0,0,0,0,0,0,0,0,0,0,0,0,0,0,0,0,0,0,0,0,0,0,3459.0,140924,33.60994323333334,1,130.42167701666665,1,1,12,7.1,3,"[5, 6, 7, 9, 11, 13, 15, 19, 20, 29, 30, 66]",0.8,0.5,0.6,325.4,25.8,0,0,0,0,0,0,0,0,0,0,0,,taxi352176111064442
62,464315.851,1726274102715,,,,,,,-0.092869975,-0.072429426,1.0142907,-0.011154175,0.0011138916,0.00730896,0.118638426,29.0,321.0,34.4761962890625,3,-85,2,31.789640426635746,0,0,0,33.61017499,130.42146397,,,,0,0,0,0,0,0,0,0,0,0,0,0,0,0,0,0,0,0,0,0,0,0,0,0,3503.0,140924,33.61017498333333,1,130.42146396666666,1,1,12,7.1,3,"[5, 6, 7, 9, 11, 13, 15, 20, 29, 30, 66, 67]",0.9,0.6,0.6,321.7,29.1,0,0,0,0,0,0,0,0,0,0,0,,taxi352176111064442
63,468042.697,1726277829561,,,,,,,-0.060866997,-0.32088766,0.9734905,0.029907227,-0.022583008,-0.71047974,0.32768345,13.0,348.0,32.62811279296875,3,-88,2,17.66090965270996,0,0,0,33.59432281,130.3593654,,,,0,0,0,0,0,0,0,0,0,0,0,0,0,0,0,0,0,0,0,0,0,0,0,0,13710.0,140924,33.59432281666666,1,130.3593654,1,1,12,5.3,3,"[5, 6, 11, 13, 15, 20, 29, 30, 67, 68, 69, 81]",1.0,0.7,0.7,348.6,13.2,0,0,0,0,0,0,0,0,0,0,0,,taxi352176111064442
64,601950.062,1726411736926,,,,,,,0.021953972,-0.12617618,1.0365218,0.009155273,-0.00076293945,0.011291504,0.13317749,34.0,260.0,43.72967529296875,3,-81,2,35.32181930541992,0,0,0,33.58903229,130.35489752,,,,0,0,0,0,0,0,0,0,0,0,0,0,0,0,0,0,0,0,0,0,0,0,0,0,144857.0,150924,33.58903228333334,1,130.35489751666668,1,1,12,16.4,3,"[2, 4, 7, 8, 9, 16, 21, 26, 27, 31, 76, 77]",0.8,0.5,0.7,260.2,34.1,0,0,0,0,0,0,0,0,0,0,0,,taxi352176111064442
65,775207.298,1726584994162,352176111064442.0,EVT_352176111064442_20240917235636.gz,EVT,15.0,f65b054e-2b5e-4b04-bd91-6d8a3e573b5b,20240917235636.0,-0.06746253,-0.2566357,1.0203973,0.039489746,0.016647339,-0.44181824,0.26613742,16.0,258.0,57.95513916015625,3,-78,2,18.83830451965332,0,0,0,33.55920478,130.41219739,20240917235636.0,20240911135755.0,,0,0,0,0,0,0,0,0,0,0,0,0,0,0,0,0,0,0,0,0,0,0,0,0,145635.0,170924,33.55920478333333,1,130.41219738333334,1,1,12,30.5,3,"[2, 4, 7, 8, 9, 16, 21, 26, 27, 78, 79, 80]",0.8,0.5,0.6,258.2,16.5,0,0,0,0,0,0,0,0,0,0,0,,taxi352176111064442
66,946307.794,1726756094658,,,,,,,-0.21893248,0.022361912,1.0255276,-0.049606323,-0.09220886,0.34410095,0.22154717,19.0,233.0,39.65087890625,3,-90,2,21.193092346191406,0,0,0,33.58296917,130.42492305,,,,0,0,0,0,0,0,0,0,0,0,0,0,0,0,0,0,0,0,0,0,0,0,0,0,142815.0,190924,33.582969166666665,1,130.42492305000002,1,1,12,12.2,3,"[2, 4, 7, 8, 9, 16, 21, 26, 27, 30, 73, 74]",0.8,0.5,0.6,233.9,19.9,0,0,0,0,0,0,0,0,0,0,0,,taxi352176111064442
67,980351.059,1726790137923,,,,,,,0.17733204,-0.0692531,1.0538685,-0.004547119,0.012374878,-0.0037841797,0.19784959,19.0,308.0,35.00811767578125,3,-99,2,21.89952850341797,1,0,0,33.60888369,130.39996719,,,,0,0,0,0,0,0,0,0,0,0,0,0,0,0,0,0,0,0,0,0,0,0,0,0,235538.0,190924,33.60888368333334,1,130.39996718333333,1,1,12,7.6,3,"[5, 6, 7, 9, 11, 13, 15, 20, 29, 30, 65, 66]",0.8,0.5,0.6,308.4,19.2,0,0,0,0,0,0,0,0,0,0,0,,taxi352176111064442
68,10.557,1719468214957,,,,,,,-0.21986046,-0.085372925,0.91494656,0.009841919,-0.006149292,-0.036727905,0.25072145,41.0,61.0,36.30633544921875,3,-80,2,43.79905700683594,0,0,0,33.5794853,130.39349676,,,,0,0,0,0,0,0,0,0,0,0,0,0,0,0,0,0,0,0,0,0,0,0,0,0,60336.0,270624,33.579485299999995,1,130.3934967666667,1,1,12,8.9,3,"[5, 6, 7, 9, 11, 13, 15, 20, 29, 30, 67, 68]",0.8,0.5,0.6,61.7,42.0,0,0,0,0,0,0,0,0,0,0,0,,taxi352176111065290
69,6372796.048,1725841000448,352176111065290.0,EVT_352176111065290_20240909091642.gz,EVT,15.0,68733298-a3c6-4d3c-8d3f-5c15cebd46c4,20240909091642.0,-0.3241792,-0.17918645,1.2767636,0.14605713,-0.22927856,-0.2787323,0.462383,3.0,211.0,44.230224609375,4,-89,2,9.89011001586914,0,0,0,33.58262378,130.40321991,20240909091642.0,20240903200329.0,,0,0,0,0,0,0,0,0,0,0,0,0,0,0,0,0,0,0,0,0,0,0,0,0,1641.0,90924,33.58262378333333,1,130.40321991666667,1,1,12,16.8,3,"[5, 6, 9, 11, 13, 19, 20, 29, 30, 69, 70, 84]",0.9,0.6,0.7,211.3,3.1,0,0,0,0,0,0,0,0,0,0,0,,taxi352176111065290
70,6515692.142,1725983896542,,,,,,,-0.36424443,-0.06753883,0.9559896,0.0143585205,0.0052337646,-0.0029144287,0.37305817,64.0,311.0,48.6383056640625,3,-87,2,66.40502166748047,0,0,0,33.59182447,130.41730013,,,,0,0,0,0,0,0,0,0,0,0,0,0,0,0,0,0,0,0,0,0,0,0,0,0,155817.0,100924,33.591824466666665,1,130.4173001333333,1,1,12,21.2,3,"[2, 7, 8, 16, 21, 27, 30, 73, 79, 80, 82, 83]",0.9,0.6,0.6,311.6,64.8,0,0,0,0,0,0,0,0,0,0,0,,taxi352176111065290
71,6611861.041,1726080065441,352176111065290.0,EVT_352176111065290_20240912034106.gz,EVT,9.0,7415c648-1399-439f-841a-cadab18b3e12,20240912034106.0,-0.53574854,0.032382887,0.9046858,-0.008529663,-0.00064086914,-0.011352539,0.5451238,5.0,94.0,45.4742431640625,3,-78,2,10.36106777191162,0,0,0,33.58251938,130.40725803,20240912034106.0,20240906180211.0,,0,0,0,0,0,0,0,0,0,0,0,0,0,0,0,0,0,0,0,0,0,0,0,0,184106.0,110924,33.582519383333334,1,130.40725803333336,1,1,12,18.1,3,"[2, 3, 8, 14, 17, 21, 22, 30, 69, 75, 76, 84]",0.8,0.5,0.6,94.8,5.3,0,0,0,0,0,0,0,0,0,0,0,,taxi352176111065290
72,6642187.494,1726110391894,352176111065290.0,EVT_352176111065290_20240912120632.gz,EVT,13.0,782e42f9-006e-46f9-b0d6-3dc6dec9c98e,20240912120632.0,-0.29070953,0.18605135,1.10575,-0.003326416,-0.043563843,0.1230011,0.360985,17.0,327.0,31.4375,3,-81,2,18.367345809936523,0,0,0,33.59187392,130.42717963,20240912120632.0,20240907013757.0,,0,0,0,0,0,0,0,0,0,0,0,0,0,0,0,0,0,0,0,0,0,0,0,0,30632.0,120924,33.59187391666667,1,130.42717963333337,1,1,12,4.0,3,"[5, 11, 13, 15, 18, 20, 23, 24, 29, 30, 65, 66]",0.7,0.4,0.6,327.8,17.6,0,0,0,0,0,0,0,0,0,0,0,,taxi352176111065290
73,6887950.061,1726356154461,,,,,,,-0.6549695,-0.08390777,0.8919805,0.16999817,0.04550171,-0.2665863,0.6690992,6.0,88.0,43.65838623046875,3,-77,2,6.593406677246094,0,0,0,33.56986339,130.4309442,,,,0,0,0,0,0,0,0,0,0,0,0,0,0,0,0,0,0,0,0,0,0,0,0,0,232235.0,140924,33.569863383333335,1,130.43094420000003,1,1,12,16.2,3,"[5, 6, 7, 9, 11, 12, 13, 17, 19, 20, 25, 30]",0.7,0.5,0.6,88.1,6.5,0,0,0,0,0,0,0,0,0,0,0,,taxi352176111065290
74,6887951.821,1726356156221,,,,,,,-0.45561498,-0.31257784,0.8787895,0.15722656,-0.061035156,-0.3560791,0.5656694,21.0,135.0,43.703369140625,3,-74,2,11.773940086364746,0,0,0,33.56980456,130.43105069,,,,0,0,0,0,0,0,0,0,0,0,0,0,0,0,0,0,0,0,0,0,0,0,0,0,232237.0,140924,33.56980456666667,1,130.43105068333332,1,1,12,16.2,3,"[5, 6, 7, 9, 11, 12, 13, 17, 19, 20, 30, 66]",0.7,0.5,0.6,135.3,21.1,0,0,0,0,0,0,0,0,0,0,0,,taxi352176111065290
75,6935479.841,1726403684241,352176111065290.0,EVT_352176111065290_20240915213445.gz,EVT,9.0,15df2188-3bf8-4cc0-a8d3-01b4635b83bb,20240915213445.0,-1.014588,0.006973889,0.8702383,-0.04458618,-0.051437378,-0.0024108887,1.0228761,20.0,85.0,37.6455078125,3,-83,2,12.009418487548828,0,0,0,33.59049223,130.37283737,20240915213445.0,20240911003425.0,,0,0,0,0,0,0,0,0,0,0,0,0,0,0,0,0,0,0,0,0,0,0,0,0,123445.0,150924,33.590492233333336,1,130.37283736666666,1,1,12,10.3,3,"[4, 8, 16, 26, 27, 28, 31, 66, 67, 75, 76, 85]",0.9,0.5,0.8,85.4,20.1,0,0,0,0,0,0,0,0,0,0,0,,taxi352176111065290
76,6987317.835,1726455522235,,,,,,,0.09822612,0.26056406,1.5171611,0.049453735,-0.14146423,0.0025482178,0.58736503,38.0,6.0,57.3477783203125,3,-82,2,37.912086486816406,0,0,0,33.58947264,130.41862276,,,,0,0,0,0,0,0,0,0,0,0,0,0,0,0,0,0,0,0,0,0,0,0,0,0,25842.0,160924,33.58947263333334,1,130.4186227666667,1,1,12,29.9,3,"[5, 11, 13, 15, 18, 20, 23, 24, 29, 30, 69, 70]",0.8,0.5,0.7,6.3,38.4,0,0,0,0,0,0,0,0,0,0,0,,taxi352176111065290
77,7076777.981,1726544982381,,,,,,,-0.15951663,-0.038955066,1.0053394,0.0071258545,0.08003235,-0.059509277,0.16429108,19.0,179.0,57.96441650390625,6,-59,2,19.544740676879883,0,0,1,33.58964803,130.4224366,,,,0,0,0,0,0,0,0,0,0,0,0,0,0,0,0,0,0,0,0,0,0,0,0,0,34943.0,170924,33.58964803333333,1,130.42243660000003,1,1,12,30.5,3,"[5, 13, 15, 18, 20, 22, 23, 24, 71, 72, 73, 74]",0.7,0.4,0.6,179.1,19.5,0,0,0,0,0,0,0,0,0,0,0,,taxi352176111065290
78,7251788.043,1726719992443,,,,,,,-0.30951986,0.06023329,0.8272397,0.011917114,0.027404785,-0.0043640137,0.3595507,29.0,52.0,42.3671875,3,-75,2,30.37676429748535,0,0,0,33.597736,130.41860536,,,,0,0,0,0,0,0,0,0,0,0,0,0,0,0,0,0,0,0,0,0,0,0,0,0,42632.0,190924,33.597736,1,130.41860536666667,1,1,12,14.9,3,"[5, 10, 13, 15, 18, 22, 23, 24, 65, 66, 67, 75]",0.8,0.5,0.6,52.2,29.4,0,0,0,0,0,0,0,0,0,0,0,,taxi352176111065290
79,123256.383,1725963688745,,,,,,,-0.24033216,0.09485362,0.9462676,-0.018234253,-0.029159546,-0.012176514,0.26390135,16.0,8.0,63.38623046875,3,-78,2,17.66090965270996,0,0,0,33.51834747,130.42250792,,,,0,0,0,0,0,0,0,0,0,0,0,0,0,0,0,0,0,0,0,0,0,0,0,0,102129.0,100924,33.51834746666666,1,130.42250791666666,1,1,12,35.9,3,"[3, 10, 16, 25, 26, 28, 29, 31, 32, 66, 67, 68]",0.8,0.5,0.6,8.6,16.5,0,0,0,0,0,0,0,0,0,0,0,,taxi352176111166510
80,321882.799,1726162315161,,,,,,,-0.116468154,0.04452608,0.9819358,-0.01914978,-0.06628418,-0.022140503,0.12599096,49.0,276.0,42.81591796875,3,-92,2,50.3924674987793,0,0,0,33.59179986,130.38619405,,,,0,0,0,0,0,0,0,0,0,0,0,0,0,0,0,0,0,0,0,0,0,0,0,0,173156.0,120924,33.59179986666667,1,130.38619405,1,1,12,15.4,3,"[2, 3, 7, 8, 14, 17, 21, 22, 30, 74, 75, 76]",1.0,0.7,0.7,276.4,49.7,0,0,0,0,0,0,0,0,0,0,0,,taxi352176111166510
81,347341.585,1726187773947,352176111166510.0,EVT_352176111166510_20240913093614.gz,EVT,13.0,852f577f-34e3-47f5-9486-d5ca4bf6fcab,20240913093614.0,-0.40303913,0.11537513,0.97045434,-0.017242432,0.0012512207,0.20277405,0.42026764,23.0,197.0,35.8375244140625,6,-91,2,17.425432205200195,0,0,0,33.59033425,130.41430694,20240913093614.0,20240908110211.0,,0,0,0,0,0,0,0,0,0,0,0,0,0,0,0,0,0,0,0,0,0,0,0,0,3614.0,130924,33.590334250000005,1,130.4143069333333,1,1,12,8.4,3,"[5, 6, 7, 9, 11, 13, 15, 20, 29, 30, 65, 66]",0.9,0.5,0.7,197.2,23.5,0,0,0,0,0,0,0,0,0,0,0,,taxi352176111166510
82,372462.953,1726212895315,,,,,,,-0.032426484,0.020583795,1.0630456,0.012512207,-0.03253174,0.0024719238,0.073823534,27.0,260.0,37.02056884765625,3,-82,2,30.376768112182617,1,0,0,33.59026186,130.38705035,,,,0,0,0,0,0,0,0,0,0,0,0,0,0,0,0,0,0,0,0,0,0,0,0,0,73455.0,130924,33.59026186666666,1,130.38705035,1,1,12,9.6,3,"[10, 12, 23, 25, 28, 32, 68, 69, 79, 80, 12, 19]",1.1,0.8,0.8,260.6,27.6,0,0,0,0,0,0,0,0,0,0,0,,taxi352176111166510
83,444029.888,1726284462250,,,,,,,-0.26402843,0.09876174,0.94187057,0.0,-0.0036468506,0.0007324219,0.2878262,0.0,330.0,37.23138427734375,3,-76,2,7.299842834472656,1,0,0,33.57203484,130.42275885,,,,0,0,0,0,0,0,0,0,0,0,0,0,0,0,0,0,0,0,0,0,0,0,0,0,32743.0,140924,33.57203483333333,1,130.42275885,1,1,12,9.8,3,"[5, 11, 13, 14, 15, 18, 20, 23, 24, 29, 67, 68]",0.7,0.4,0.6,330.1,0.7,0,0,0,0,0,0,0,0,0,0,0,,taxi352176111166510
84,528500.874,1726368933236,,,,,,,-0.11060442,0.075552806,1.0505863,0.03437805,0.03652954,-0.019104004,0.14318009,52.0,70.0,36.89410400390625,3,-73,2,54.160125732421875,1,0,0,33.59150016,130.34897105,,,,0,0,0,0,0,0,0,0,0,0,0,0,0,0,0,0,0,0,0,0,0,0,0,0,25534.0,150924,33.59150016666667,1,130.34897105,1,1,12,9.6,3,"[5, 11, 13, 15, 18, 20, 23, 24, 29, 30, 68, 69]",0.8,0.5,0.6,70.9,52.5,0,0,0,0,0,0,0,0,0,0,0,,taxi352176111166510
85,528508.434,1726368940796,,,,,,,-0.46826887,0.1100003,0.95921576,-0.016235352,-0.058273315,-0.033477783,0.4827413,26.0,82.0,36.5338134765625,3,-75,2,22.60596466064453,0,0,0,33.5916447,130.34970343,,,,0,0,0,0,0,0,0,0,0,0,0,0,0,0,0,0,0,0,0,0,0,0,0,0,25542.0,150924,33.5916447,1,130.34970343333333,1,1,12,9.2,3,"[5, 11, 13, 15, 18, 20, 23, 24, 29, 68, 69, 78]",0.8,0.5,0.6,82.2,26.7,0,0,0,0,0,0,0,0,0,0,0,,taxi352176111166510
86,574362.191,1726414794553,,,,,,,0.08581823,0.036708288,1.0691538,-0.034088135,-0.04043579,0.014312744,0.11616588,42.0,273.0,39.72772216796875,3,-77,2,40.50235366821289,1,0,0,33.58743554,130.42155624,,,,0,0,0,0,0,0,0,0,0,0,0,0,0,0,0,0,0,0,0,0,0,0,0,0,153955.0,150924,33.58743553333334,1,130.42155623333335,1,1,12,12.3,3,"[2, 7, 8, 10, 16, 21, 27, 30, 76, 77, 78, 81]",0.8,0.5,0.6,273.0,42.3,0,0,0,0,0,0,0,0,0,0,0,,taxi352176111166510
87,721675.871,1726562108233,,,,,,,0.11831011,0.07848467,0.9812024,-0.008422852,0.023635864,-0.0032196045,0.14321479,51.0,64.0,41.65838623046875,3,-92,2,53.68916702270508,1,0,0,33.67104368,130.42251357,,,,0,0,0,0,0,0,0,0,0,0,0,0,0,0,0,0,0,0,0,0,0,0,0,0,83509.0,170924,33.67104368333334,1,130.42251356666668,1,1,12,14.3,3,"[10, 12, 23, 25, 28, 29, 31, 32, 65, 66, 67, 75]",0.8,0.6,0.6,64.1,51.8,0,0,0,0,0,0,0,0,0,0,0,,taxi352176111166510
88,898998.656,1726739431018,,,,,,,-0.15751119,0.14762412,0.9641017,0.021057129,-0.018432617,-0.0066223145,0.21884091,3.0,244.0,63.982421875,3,-59,2,8.4772367477417,0,0,0,33.53132452,130.44917116,,,,0,0,0,0,0,0,0,0,0,0,0,0,0,0,0,0,0,0,0,0,0,0,0,0,95031.0,190924,33.531324516666665,1,130.44917116666667,1,1,12,36.5,3,"[3, 16, 25, 26, 28, 29, 31, 67, 68, 69, 78, 79]",0.9,0.6,0.7,244.1,3.6,0,0,0,0,0,0,0,0,0,0,0,,taxi352176111166510
89,932134.965,1726772567327,,,,,,,0.053324796,0.26831025,1.0283537,-0.010559082,0.041549683,0.1950531,0.27502334,23.0,32.0,48.415771484375,3,-82,2,27.5510196685791,1,0,0,33.58014901,130.35568749,,,,0,0,0,0,0,0,0,0,0,0,0,0,0,0,0,0,0,0,0,0,0,0,0,0,190248.0,190924,33.58014901666667,1,130.35568748333333,1,1,12,21.1,3,"[2, 3, 6, 14, 19, 21, 22, 69, 70, 71, 75, 76]",0.8,0.5,0.7,32.4,23.1,0,0,0,0,0,0,0,0,0,0,0,,taxi352176111166510
90,101364.212,1719138903875,,,,,,,-0.038797807,-0.038413223,0.9616883,0.019546509,-0.027450562,0.014465332,0.06669807,22.0,157.0,34.0948486328125,3,-70,2,21.66404914855957,0,0,0,33.59423674,130.39434911,,,,0,0,0,0,0,0,0,0,0,0,0,0,0,0,0,0,0,0,0,0,0,0,0,0,103505.0,230624,33.59423673333333,1,130.39434911666666,1,1,12,6.7,3,"[5, 10, 12, 13, 15, 18, 22, 23, 24, 65, 66, 67]",0.9,0.6,0.7,157.1,22.7,0,0,0,0,0,0,0,0,0,0,0,,taxi352176111177764
91,6830561.331,1725868100994,,,,,,,-0.15679806,0.04342994,1.0144588,0.024307251,-0.004501343,0.03414917,0.16334274,1.0,67.0,68.80450439453125,3,-81,2,1.6483516693115234,1,0,0,33.5216111,130.45153958,,,,0,0,0,0,0,0,0,0,0,0,0,0,0,0,0,0,0,0,0,0,0,0,0,0,74821.0,90924,33.52161556666667,1,130.4515535666667,1,1,12,41.4,3,"[10, 12, 15, 23, 24, 25, 28, 32, 0, 0, 0, 0]",0.9,0.6,0.7,70.1,0.0,0,0,0,0,0,0,0,0,0,0,0,,taxi352176111177764
92,6899684.553,1725937224216,352176111177764.0,EVT_352176111177764_20240910120026.gz,EVT,11.0,2c56218d-c185-4096-93e0-504392b8577f,20240910120026.0,-0.33098805,-0.09777925,0.9590009,0.02684021,-0.01763916,-0.1274414,0.34755546,18.0,303.0,37.927978515625,3,-69,2,17.89638900756836,0,1,0,33.5856208,130.40896455,20240910120026.0,20240902224530.0,,0,0,0,0,0,0,0,0,0,0,0,0,0,0,0,0,0,0,0,0,0,0,0,0,30025.0,100924,33.5856208,1,130.40896455,1,1,12,10.5,3,"[5, 11, 13, 15, 18, 20, 24, 30, 65, 71, 72, 73]",0.9,0.5,0.7,303.4,18.4,0,0,0,0,0,0,0,0,0,0,0,,taxi352176111177764
93,6916032.971,1725953572634,,,,,,,-0.083506055,-0.011783522,1.1146234,-0.035324097,-0.07557678,0.022659302,0.14230473,28.0,230.0,40.36822509765625,3,-98,2,30.84772491455078,1,0,0,33.56260461,130.42609684,,,,0,0,0,0,0,0,0,0,0,0,0,0,0,0,0,0,0,0,0,0,0,0,0,0,73253.0,100924,33.56260461666666,1,130.42609683333333,1,1,12,12.9,3,"[10, 12, 23, 24, 25, 28, 32, 65, 66, 67, 75, 76]",1.0,0.7,0.8,230.6,28.9,0,0,0,0,0,0,0,0,0,0,0,,taxi352176111177764
94,7301941.455,1726339481118,,,,,,,-0.51666105,0.09009225,0.8781355,0.0033416748,0.0016479492,0.002243042,0.5384294,0.0,0.0,45.484375,3,-76,2,0.0,1,0,0,33.5907435,130.40787514,,,,0,0,0,0,0,0,0,0,0,0,0,0,0,0,0,0,0,0,0,0,0,0,0,0,184441.0,140924,33.590743499999995,1,130.4078751333333,1,1,12,18.1,3,"[2, 3, 6, 8, 14, 17, 19, 21, 22, 30, 65, 72]",0.9,0.5,0.7,309.1,0.0,0,0,0,0,0,0,0,0,0,0,0,,taxi352176111177764
95,7303691.023,1726341230686,,,,,,,-0.29165462,0.43822932,0.9032985,-0.15629578,0.026473999,0.2195282,0.5352182,40.0,191.0,63.40869140625,3,-87,2,39.089481353759766,1,0,0,33.52483778,130.42436113,,,,0,0,0,0,0,0,0,0,0,0,0,0,0,0,0,0,0,0,0,0,0,0,0,0,191350.0,140924,33.52483778333334,1,130.42436113333332,1,1,12,35.9,3,"[2, 3, 6, 14, 17, 19, 21, 22, 30, 65, 66, 72]",0.8,0.5,0.7,191.8,40.1,0,0,0,0,0,0,0,0,0,0,0,,taxi352176111177764
96,7303694.664,1726341234327,,,,,,,-0.3756963,0.029015055,0.800202,0.0061798096,0.03126526,-0.030288696,0.42650768,25.0,143.0,62.6087646484375,3,-79,2,27.080062866210938,0,0,0,33.52457358,130.42444262,,,,0,0,0,0,0,0,0,0,0,0,0,0,0,0,0,0,0,0,0,0,0,0,0,0,191354.0,140924,33.524573583333336,1,130.42444261666665,1,1,12,35.1,3,"[2, 3, 6, 14, 17, 19, 21, 22, 30, 65, 66, 72]",0.8,0.5,0.7,143.4,25.7,0,0,0,0,0,0,0,0,0,0,0,,taxi352176111177764
97,7341385.534,1726378925197,352176111177764.0,EVT_352176111177764_20240915144205.gz,EVT,11.0,44479ec3-816a-4a2f-94e5-dc6e32c927e1,20240915144205.0,-0.3984163,0.06492926,0.9506942,-0.015670776,-0.002670288,-0.013381958,0.4066724,11.0,138.0,39.69696044921875,3,-88,2,11.302982330322266,1,0,0,33.59025362,130.36451528,20240915144205.0,20240909100611.0,,0,0,0,0,0,0,0,0,0,0,0,0,0,0,0,0,0,0,0,0,0,0,0,0,54206.0,150924,33.590253616666665,1,130.36451528333336,1,1,12,12.3,3,"[10, 12, 15, 18, 23, 24, 25, 32, 69, 70, 71, 73]",0.8,0.5,0.6,138.2,11.5,0,0,0,0,0,0,0,0,0,0,0,,taxi352176111177764
98,7559049.491,1726596589154,352176111177764.0,EVT_352176111177764_20240918030950.gz,EVT,13.0,3fe87412-f2a2-48a7-81c2-c813b033c632,20240918030950.0,-0.56796485,0.4362737,0.7686864,-0.21150208,0.16210938,0.8430939,0.75261194,2.0,234.0,48.67645263671875,8,-78,2,7.299842834472656,0,0,0,33.58972982,130.39045452,20240918030950.0,20240911075609.0,,0,0,0,0,0,0,0,0,0,0,0,0,0,0,0,0,0,0,0,0,0,0,0,0,180949.0,170924,33.58972981666667,1,130.3904545166667,1,1,12,21.3,3,"[2, 3, 7, 8, 14, 17, 19, 21, 22, 30, 67, 68]",0.9,0.5,0.7,234.2,2.2,0,0,0,0,0,0,0,0,0,0,0,,taxi352176111177764
99,7560917.185,1726598456848,352176111177764.0,EVT_352176111177764_20240918034058.gz,EVT,13.0,a37ef04c-706e-431d-802a-28c28044e409,20240918034058.0,-0.83743507,0.10206261,0.79971313,-0.101364136,0.0027618408,0.16644287,0.86708075,17.0,188.0,39.9339599609375,3,-63,2,20.72213554382324,0,0,0,33.58555736,130.3954642,20240918034058.0,20240911082748.0,,0,0,0,0,0,0,0,0,0,0,0,0,0,0,0,0,0,0,0,0,0,0,0,0,184057.0,170924,33.58555736666667,1,130.3954642,1,1,12,12.5,3,"[2, 3, 6, 8, 14, 17, 19, 21, 22, 30, 67, 68]",0.8,0.5,0.6,188.5,17.3,0,0,0,0,0,0,0,0,0,0,0,,taxi352176111177764
100,7562065.618,1726599605281,,,,,,,-0.4467898,-0.0007894088,0.9382349,-0.07296753,0.034194946,0.23916626,0.45103955,10.0,78.0,74.70440673828125,3,-88,2,12.009418487548828,0,0,0,33.52141617,130.45162472,,,,0,0,0,0,0,0,0,0,0,0,0,0,0,0,0,0,0,0,0,0,0,0,0,0,190006.0,170924,33.52141616666667,1,130.45162471666666,1,1,12,47.2,3,"[2, 3, 6, 8, 14, 17, 19, 21, 22, 67, 68, 69]",0.8,0.5,0.7,78.5,10.4,0,0,0,0,0,0,0,0,0,0,0,,taxi352176111177764
